name,single_channel,eight_channel,plate_master,transfers,flows,active_flows,time
All Sources,2623.8507135376294,544.0001032954285,92831.99997836672,95999.85079519975,3658.850726224211,11778,5.647440667
No Reservior,95964.61662684247,35.20014667318659,0.0,95999.81677351563,95969.01664517663,11792,5.948933625
Minimize Active Flows,2648.000637000086,19470.40029600007,73881.59903999986,95999.99999999997,5851.400664000092,11737,209.070620292
Minimize Configurations,95999.99999999997,0.0,0.0,95999.99999999997,95999.99999999996,11946,7.853195625
